,lat,lon,zip
0,33.974027,-118.249509,90001
1,33.949099,-118.246737,90002
2,33.964131,-118.272783,90003
3,34.076198,-118.310722,90004
4,34.059163,-118.306892,90005
5,34.048041,-118.294177,90006
6,34.028127,-118.28483,90007
7,34.009552,-118.346724,90008
8,34.062148,-118.315889,90010
9,34.00709,-118.25868,90011
10,34.065975,-118.238642,90012
11,34.045406,-118.240454,90013
12,34.043146,-118.251746,90014
13,34.039378,-118.2663,90015
14,34.028332,-118.354337,90016
15,34.052913,-118.26434,90017
16,34.028887,-118.317183,90018
17,34.049841,-118.33846,90019
18,34.066379,-118.30987,90020
19,34.029036,-118.23787,90021
20,34.023728,-118.156274,90022
21,34.022501,-118.199613,90023
22,34.065737,-118.435016,90024
23,34.045421,-118.445873,90025
24,34.080017,-118.262643,90026
25,34.127607,-118.296387,90027
26,34.099912,-118.326912,90028
27,34.089848,-118.294661,90029
28,34.085784,-118.206666,90031
29,34.078195,-118.185502,90032
30,34.047164,-118.206614,90033
31,34.030578,-118.399613,90034
32,34.051808,-118.383674,90035
33,34.07041,-118.35041,90036
34,34.002717,-118.287486,90037
35,34.088474,-118.325526,90038
36,34.111885,-118.261032,90039
37,33.994523,-118.149952,90040
38,34.137412,-118.207607,90041
39,34.114708,-118.192098,90042
40,33.988505,-118.336358,90043
41,33.952725,-118.291904,90044
42,33.942143,-118.41733,90045
43,34.10781,-118.362247,90046
44,33.953617,-118.308429,90047
45,34.072926,-118.372712,90048
46,34.09254,-118.491064,90049
47,33.988047,-118.370361,90056
48,34.061735,-118.276757,90057
49,34.002844,-118.2164,90058
50,33.926262,-118.249883,90059
51,33.92128,-118.274186,90061
52,34.003638,-118.308806,90062
53,34.045105,-118.185914,90063
54,34.037252,-118.423573,90064
55,34.112272,-118.225496,90065
56,34.002028,-118.430656,90066
57,34.057597,-118.413998,90067
58,34.129772,-118.330989,90068
59,34.093831,-118.381697,90069
60,34.052876,-118.254943,90071
61,34.108023,-118.456964,90077
62,34.040587,-118.255403,90079
63,33.975411,-118.416997,90094
64,33.974027,-118.249509,90001
65,33.949099,-118.246737,90002
66,33.964131,-118.272783,90003
67,34.076198,-118.310722,90004
68,34.059163,-118.306892,90005
69,34.048041,-118.294177,90006
70,34.028127,-118.28483,90007
71,34.009552,-118.346724,90008
72,34.062148,-118.315889,90010
73,34.00709,-118.25868,90011
74,34.065975,-118.238642,90012
75,34.045406,-118.240454,90013
76,34.043146,-118.251746,90014
77,34.039378,-118.2663,90015
78,34.028332,-118.354337,90016
79,34.052913,-118.26434,90017
80,34.028887,-118.317183,90018
81,34.049841,-118.33846,90019
82,34.066379,-118.30987,90020
83,34.029036,-118.23787,90021
84,34.023728,-118.156274,90022
85,34.022501,-118.199613,90023
86,34.065737,-118.435016,90024
87,34.045421,-118.445873,90025
88,34.080017,-118.262643,90026
89,34.127607,-118.296387,90027
90,34.099912,-118.326912,90028
91,34.089848,-118.294661,90029
92,34.085784,-118.206666,90031
93,34.078195,-118.185502,90032
94,34.047164,-118.206614,90033
95,34.030578,-118.399613,90034
96,34.051808,-118.383674,90035
97,34.07041,-118.35041,90036
98,34.002717,-118.287486,90037
99,34.088474,-118.325526,90038
100,34.111885,-118.261032,90039
101,33.994523,-118.149952,90040
102,34.137412,-118.207607,90041
103,34.114708,-118.192098,90042
104,33.988505,-118.336358,90043
105,33.952725,-118.291904,90044
106,33.942143,-118.41733,90045
107,34.10781,-118.362247,90046
108,33.953617,-118.308429,90047
109,34.072926,-118.372712,90048
110,34.09254,-118.491064,90049
111,33.988047,-118.370361,90056
112,34.061735,-118.276757,90057
113,34.002844,-118.2164,90058
114,33.926262,-118.249883,90059
115,33.92128,-118.274186,90061
116,34.003638,-118.308806,90062
117,34.045105,-118.185914,90063
118,34.037252,-118.423573,90064
119,34.112272,-118.225496,90065
120,34.002028,-118.430656,90066
121,34.057597,-118.413998,90067
122,34.129772,-118.330989,90068
123,34.093831,-118.381697,90069
124,34.052876,-118.254943,90071
125,34.108023,-118.456964,90077
126,34.040587,-118.255403,90079
127,33.975411,-118.416997,90094
128,33.974027,-118.249509,90001
129,33.949099,-118.246737,90002
130,33.964131,-118.272783,90003
131,34.076198,-118.310722,90004
132,34.059163,-118.306892,90005
133,34.048041,-118.294177,90006
134,34.028127,-118.28483,90007
135,34.009552,-118.346724,90008
136,34.062148,-118.315889,90010
137,34.00709,-118.25868,90011
138,34.065975,-118.238642,90012
139,34.045406,-118.240454,90013
140,34.043146,-118.251746,90014
141,34.039378,-118.2663,90015
142,34.028332,-118.354337,90016
143,34.052913,-118.26434,90017
144,34.028887,-118.317183,90018
145,34.049841,-118.33846,90019
146,34.066379,-118.30987,90020
147,34.029036,-118.23787,90021
148,34.023728,-118.156274,90022
149,34.022501,-118.199613,90023
150,34.065737,-118.435016,90024
151,34.045421,-118.445873,90025
152,34.080017,-118.262643,90026
153,34.127607,-118.296387,90027
154,34.099912,-118.326912,90028
155,34.089848,-118.294661,90029
156,34.085784,-118.206666,90031
157,34.078195,-118.185502,90032
158,34.047164,-118.206614,90033
159,34.030578,-118.399613,90034
160,34.051808,-118.383674,90035
161,34.07041,-118.35041,90036
162,34.002717,-118.287486,90037
163,34.088474,-118.325526,90038
164,34.111885,-118.261032,90039
165,33.994523,-118.149952,90040
166,34.137412,-118.207607,90041
167,34.114708,-118.192098,90042
168,33.988505,-118.336358,90043
169,33.952725,-118.291904,90044
170,33.942143,-118.41733,90045
171,34.10781,-118.362247,90046
172,33.953617,-118.308429,90047
173,34.072926,-118.372712,90048
174,34.09254,-118.491064,90049
175,33.988047,-118.370361,90056
176,34.061735,-118.276757,90057
177,34.002844,-118.2164,90058
178,33.926262,-118.249883,90059
179,33.92128,-118.274186,90061
180,34.003638,-118.308806,90062
181,34.045105,-118.185914,90063
182,34.037252,-118.423573,90064
183,34.112272,-118.225496,90065
184,34.002028,-118.430656,90066
185,34.057597,-118.413998,90067
186,34.129772,-118.330989,90068
187,34.093831,-118.381697,90069
188,34.052876,-118.254943,90071
189,34.108023,-118.456964,90077
190,34.040587,-118.255403,90079
191,33.975411,-118.416997,90094
192,33.974027,-118.249509,90001
193,33.949099,-118.246737,90002
194,33.964131,-118.272783,90003
195,34.076198,-118.310722,90004
196,34.059163,-118.306892,90005
197,34.048041,-118.294177,90006
198,34.028127,-118.28483,90007
199,34.009552,-118.346724,90008
200,34.062148,-118.315889,90010
201,34.00709,-118.25868,90011
202,34.065975,-118.238642,90012
203,34.045406,-118.240454,90013
204,34.043146,-118.251746,90014
205,34.039378,-118.2663,90015
206,34.028332,-118.354337,90016
207,34.052913,-118.26434,90017
208,34.028887,-118.317183,90018
209,34.049841,-118.33846,90019
210,34.066379,-118.30987,90020
211,34.029036,-118.23787,90021
212,34.023728,-118.156274,90022
213,34.022501,-118.199613,90023
214,34.065737,-118.435016,90024
215,34.045421,-118.445873,90025
216,34.080017,-118.262643,90026
217,34.127607,-118.296387,90027
218,34.099912,-118.326912,90028
219,34.089848,-118.294661,90029
220,34.085784,-118.206666,90031
221,34.078195,-118.185502,90032
222,34.047164,-118.206614,90033
223,34.030578,-118.399613,90034
224,34.051808,-118.383674,90035
225,34.07041,-118.35041,90036
226,34.002717,-118.287486,90037
227,34.088474,-118.325526,90038
228,34.111885,-118.261032,90039
229,33.994523,-118.149952,90040
230,34.137412,-118.207607,90041
231,34.114708,-118.192098,90042
232,33.988505,-118.336358,90043
233,33.952725,-118.291904,90044
234,33.942143,-118.41733,90045
235,34.10781,-118.362247,90046
236,33.953617,-118.308429,90047
237,34.072926,-118.372712,90048
238,34.09254,-118.491064,90049
239,33.988047,-118.370361,90056
240,34.061735,-118.276757,90057
241,34.002844,-118.2164,90058
242,33.926262,-118.249883,90059
243,33.92128,-118.274186,90061
244,34.003638,-118.308806,90062
245,34.045105,-118.185914,90063
246,34.037252,-118.423573,90064
247,34.112272,-118.225496,90065
248,34.002028,-118.430656,90066
249,34.057597,-118.413998,90067
250,34.129772,-118.330989,90068
251,34.093831,-118.381697,90069
252,34.052876,-118.254943,90071
253,34.108023,-118.456964,90077
254,34.040587,-118.255403,90079
255,33.975411,-118.416997,90094
256,33.974027,-118.249509,90001
257,33.949099,-118.246737,90002
258,33.974027,-118.249509,90001
259,33.949099,-118.246737,90002
260,33.964131,-118.272783,90003
261,34.076198,-118.310722,90004
262,34.059163,-118.306892,90005
263,34.048041,-118.294177,90006
264,34.028127,-118.28483,90007
265,34.009552,-118.346724,90008
266,34.062148,-118.315889,90010
267,34.00709,-118.25868,90011
268,33.974027,-118.249509,90001
269,33.949099,-118.246737,90002
270,33.964131,-118.272783,90003
271,34.076198,-118.310722,90004
272,34.059163,-118.306892,90005
273,34.048041,-118.294177,90006
274,34.028127,-118.28483,90007
275,34.009552,-118.346724,90008
276,34.062148,-118.315889,90010
277,34.00709,-118.25868,90011
278,34.065975,-118.238642,90012
279,34.045406,-118.240454,90013
280,34.043146,-118.251746,90014
281,34.039378,-118.2663,90015
282,34.028332,-118.354337,90016
283,33.974027,-118.249509,90001
284,33.949099,-118.246737,90002
285,33.964131,-118.272783,90003
286,34.076198,-118.310722,90004
287,34.059163,-118.306892,90005
288,34.048041,-118.294177,90006
289,34.028127,-118.28483,90007
290,34.009552,-118.346724,90008
291,34.062148,-118.315889,90010
292,34.00709,-118.25868,90011
293,34.065975,-118.238642,90012
294,34.045406,-118.240454,90013
295,34.043146,-118.251746,90014
296,34.039378,-118.2663,90015
297,34.028332,-118.354337,90016
298,34.052913,-118.26434,90017
299,34.028887,-118.317183,90018
300,34.049841,-118.33846,90019
301,34.066379,-118.30987,90020
302,34.029036,-118.23787,90021
303,33.974027,-118.249509,90001
304,33.949099,-118.246737,90002
305,33.964131,-118.272783,90003
306,34.076198,-118.310722,90004
307,34.059163,-118.306892,90005
308,34.048041,-118.294177,90006
309,34.028127,-118.28483,90007
310,34.009552,-118.346724,90008
311,34.062148,-118.315889,90010
312,34.00709,-118.25868,90011
313,34.065975,-118.238642,90012
314,34.045406,-118.240454,90013
315,34.043146,-118.251746,90014
316,34.039378,-118.2663,90015
317,34.028332,-118.354337,90016
318,34.052913,-118.26434,90017
319,34.028887,-118.317183,90018
320,34.049841,-118.33846,90019
321,34.066379,-118.30987,90020
322,34.029036,-118.23787,90021
323,34.023728,-118.156274,90022
324,34.022501,-118.199613,90023
325,34.065737,-118.435016,90024
326,34.045421,-118.445873,90025
327,34.080017,-118.262643,90026
328,34.127607,-118.296387,90027
329,34.099912,-118.326912,90028
330,34.089848,-118.294661,90029
331,34.085784,-118.206666,90031
332,34.078195,-118.185502,90032
333,34.047164,-118.206614,90033
334,34.030578,-118.399613,90034
335,34.051808,-118.383674,90035
336,34.07041,-118.35041,90036
337,34.002717,-118.287486,90037
338,34.088474,-118.325526,90038
339,34.111885,-118.261032,90039
340,33.994523,-118.149952,90040
341,34.137412,-118.207607,90041
342,34.114708,-118.192098,90042
343,33.974027,-118.249509,90001
344,33.949099,-118.246737,90002
345,33.964131,-118.272783,90003
346,34.076198,-118.310722,90004
347,34.059163,-118.306892,90005
348,34.048041,-118.294177,90006
349,34.028127,-118.28483,90007
350,34.009552,-118.346724,90008
351,34.062148,-118.315889,90010
352,34.00709,-118.25868,90011
353,34.065975,-118.238642,90012
354,34.045406,-118.240454,90013
355,34.043146,-118.251746,90014
356,34.039378,-118.2663,90015
357,34.028332,-118.354337,90016
358,34.052913,-118.26434,90017
359,34.028887,-118.317183,90018
360,34.049841,-118.33846,90019
361,34.066379,-118.30987,90020
362,34.029036,-118.23787,90021
363,34.023728,-118.156274,90022
364,34.022501,-118.199613,90023
365,34.065737,-118.435016,90024
366,34.045421,-118.445873,90025
367,34.080017,-118.262643,90026
368,34.127607,-118.296387,90027
369,34.099912,-118.326912,90028
370,34.089848,-118.294661,90029
371,34.085784,-118.206666,90031
372,34.078195,-118.185502,90032
373,34.047164,-118.206614,90033
374,34.030578,-118.399613,90034
375,34.051808,-118.383674,90035
376,34.07041,-118.35041,90036
377,34.002717,-118.287486,90037
378,34.088474,-118.325526,90038
379,34.111885,-118.261032,90039
380,33.994523,-118.149952,90040
381,34.137412,-118.207607,90041
382,34.114708,-118.192098,90042
383,33.988505,-118.336358,90043
384,33.952725,-118.291904,90044
385,33.942143,-118.41733,90045
386,34.10781,-118.362247,90046
387,33.953617,-118.308429,90047
388,34.072926,-118.372712,90048
389,34.09254,-118.491064,90049
390,33.988047,-118.370361,90056
391,34.061735,-118.276757,90057
392,34.002844,-118.2164,90058
393,33.974027,-118.249509,90001
394,33.949099,-118.246737,90002
395,33.964131,-118.272783,90003
396,34.076198,-118.310722,90004
397,34.059163,-118.306892,90005
398,34.048041,-118.294177,90006
399,34.028127,-118.28483,90007
400,34.009552,-118.346724,90008
401,34.062148,-118.315889,90010
402,34.00709,-118.25868,90011
403,34.065975,-118.238642,90012
404,34.045406,-118.240454,90013
405,34.043146,-118.251746,90014
406,34.039378,-118.2663,90015
407,34.028332,-118.354337,90016
408,34.052913,-118.26434,90017
409,34.028887,-118.317183,90018
410,34.049841,-118.33846,90019
411,34.066379,-118.30987,90020
412,34.029036,-118.23787,90021
413,34.023728,-118.156274,90022
414,34.022501,-118.199613,90023
415,34.065737,-118.435016,90024
416,34.045421,-118.445873,90025
417,34.080017,-118.262643,90026
418,34.127607,-118.296387,90027
419,34.099912,-118.326912,90028
420,34.089848,-118.294661,90029
421,34.085784,-118.206666,90031
422,34.078195,-118.185502,90032
423,34.047164,-118.206614,90033
424,34.030578,-118.399613,90034
425,34.051808,-118.383674,90035
426,34.07041,-118.35041,90036
427,34.002717,-118.287486,90037
428,34.088474,-118.325526,90038
429,34.111885,-118.261032,90039
430,33.994523,-118.149952,90040
431,34.137412,-118.207607,90041
432,34.114708,-118.192098,90042
433,33.988505,-118.336358,90043
434,33.952725,-118.291904,90044
435,33.942143,-118.41733,90045
436,34.10781,-118.362247,90046
437,33.953617,-118.308429,90047
438,34.072926,-118.372712,90048
439,34.09254,-118.491064,90049
440,33.988047,-118.370361,90056
441,34.061735,-118.276757,90057
442,34.002844,-118.2164,90058
443,33.926262,-118.249883,90059
444,33.92128,-118.274186,90061
445,34.003638,-118.308806,90062
446,34.045105,-118.185914,90063
447,34.037252,-118.423573,90064
448,34.112272,-118.225496,90065
449,34.002028,-118.430656,90066
450,34.057597,-118.413998,90067
451,34.129772,-118.330989,90068
452,34.093831,-118.381697,90069
453,33.974027,-118.249509,90001
454,33.949099,-118.246737,90002
455,33.964131,-118.272783,90003
456,34.076198,-118.310722,90004
457,34.059163,-118.306892,90005
458,34.048041,-118.294177,90006
459,34.028127,-118.28483,90007
460,34.009552,-118.346724,90008
461,34.062148,-118.315889,90010
462,34.00709,-118.25868,90011
463,34.065975,-118.238642,90012
464,34.045406,-118.240454,90013
465,34.043146,-118.251746,90014
466,34.039378,-118.2663,90015
467,34.028332,-118.354337,90016
468,34.052913,-118.26434,90017
469,34.028887,-118.317183,90018
470,34.049841,-118.33846,90019
471,34.066379,-118.30987,90020
472,34.029036,-118.23787,90021
473,34.023728,-118.156274,90022
474,34.022501,-118.199613,90023
475,34.065737,-118.435016,90024
476,34.045421,-118.445873,90025
477,34.080017,-118.262643,90026
478,34.127607,-118.296387,90027
479,34.099912,-118.326912,90028
480,34.089848,-118.294661,90029
481,34.085784,-118.206666,90031
482,34.078195,-118.185502,90032
483,34.047164,-118.206614,90033
484,34.030578,-118.399613,90034
485,34.051808,-118.383674,90035
486,34.07041,-118.35041,90036
487,34.002717,-118.287486,90037
488,34.088474,-118.325526,90038
489,34.111885,-118.261032,90039
490,33.994523,-118.149952,90040
491,34.137412,-118.207607,90041
492,34.114708,-118.192098,90042
493,33.988505,-118.336358,90043
494,33.952725,-118.291904,90044
495,33.942143,-118.41733,90045
496,34.10781,-118.362247,90046
497,33.953617,-118.308429,90047
498,34.072926,-118.372712,90048
499,34.09254,-118.491064,90049
500,33.988047,-118.370361,90056
501,34.061735,-118.276757,90057
502,34.002844,-118.2164,90058
503,33.926262,-118.249883,90059
504,33.92128,-118.274186,90061
505,34.003638,-118.308806,90062
506,34.045105,-118.185914,90063
507,34.037252,-118.423573,90064
508,34.112272,-118.225496,90065
509,34.002028,-118.430656,90066
510,34.057597,-118.413998,90067
511,34.129772,-118.330989,90068
512,34.093831,-118.381697,90069
513,34.052876,-118.254943,90071
514,34.108023,-118.456964,90077
515,34.040587,-118.255403,90079
516,33.975411,-118.416997,90094
517,33.974027,-118.249509,90001
518,33.949099,-118.246737,90002
519,33.964131,-118.272783,90003
520,34.076198,-118.310722,90004
521,34.059163,-118.306892,90005
522,34.048041,-118.294177,90006
523,34.028127,-118.28483,90007
524,34.009552,-118.346724,90008
525,34.062148,-118.315889,90010
526,34.00709,-118.25868,90011
527,34.065975,-118.238642,90012
528,34.045406,-118.240454,90013
529,34.043146,-118.251746,90014
530,34.039378,-118.2663,90015
531,34.028332,-118.354337,90016
532,34.052913,-118.26434,90017
533,34.028887,-118.317183,90018
534,34.049841,-118.33846,90019
535,34.066379,-118.30987,90020
536,34.029036,-118.23787,90021
537,34.023728,-118.156274,90022
538,34.022501,-118.199613,90023
539,34.065737,-118.435016,90024
540,34.045421,-118.445873,90025
541,34.080017,-118.262643,90026
542,34.127607,-118.296387,90027
543,34.099912,-118.326912,90028
544,34.089848,-118.294661,90029
545,34.085784,-118.206666,90031
546,34.078195,-118.185502,90032
547,34.047164,-118.206614,90033
548,34.030578,-118.399613,90034
549,34.051808,-118.383674,90035
550,34.07041,-118.35041,90036
551,34.002717,-118.287486,90037
552,34.088474,-118.325526,90038
553,34.111885,-118.261032,90039
554,33.994523,-118.149952,90040
555,34.137412,-118.207607,90041
556,34.114708,-118.192098,90042
557,33.988505,-118.336358,90043
558,33.952725,-118.291904,90044
559,33.942143,-118.41733,90045
560,34.10781,-118.362247,90046
561,33.953617,-118.308429,90047
562,34.072926,-118.372712,90048
563,34.09254,-118.491064,90049
564,33.988047,-118.370361,90056
565,34.061735,-118.276757,90057
566,34.002844,-118.2164,90058
567,33.926262,-118.249883,90059
568,33.92128,-118.274186,90061
569,34.003638,-118.308806,90062
570,34.045105,-118.185914,90063
571,34.037252,-118.423573,90064
572,34.112272,-118.225496,90065
573,34.002028,-118.430656,90066
574,34.057597,-118.413998,90067
575,34.129772,-118.330989,90068
576,34.093831,-118.381697,90069
577,34.052876,-118.254943,90071
578,34.108023,-118.456964,90077
579,34.040587,-118.255403,90079
580,33.975411,-118.416997,90094
581,33.970343,-118.171368,90201
582,34.100517,-118.41463,90210
583,34.064958,-118.382979,90211
584,34.06221,-118.401966,90212
585,33.88151,-118.234451,90220
586,33.885624,-118.205918,90221
587,33.912246,-118.236773,90222
588,33.997862,-118.393617,90230
589,34.019323,-118.391902,90232
590,33.955729,-118.118346,90240
591,33.940445,-118.129022,90241
592,33.921793,-118.140588,90242
593,33.91714,-118.404267,90245
594,33.890853,-118.297967,90247
595,33.878431,-118.284104,90248
596,33.90139,-118.315697,90249
597,33.914775,-118.348083,90250
598,33.864259,-118.399303,90254
599,33.979247,-118.217438,90255
600,33.88856,-118.351813,90260
601,33.923533,-118.200705,90262
602,34.066117,-118.846342,90265
603,33.889151,-118.402127,90266
604,33.987729,-118.186597,90270
605,34.092567,-118.534363,90272
606,33.780065,-118.372454,90274
607,33.753153,-118.367964,90275
608,33.830006,-118.387124,90277
609,33.873216,-118.37036,90278
610,33.944159,-118.192761,90280
611,34.107752,-118.616218,90290
612,33.993396,-118.465193,90291
613,33.976464,-118.455267,90292
614,33.947305,-118.439841,90293
615,33.956526,-118.358654,90301
616,33.975332,-118.355252,90302
617,33.939766,-118.331085,90303
618,33.937886,-118.358559,90304
619,33.958889,-118.330548,90305
620,34.013666,-118.49375,90401
621,34.034666,-118.504039,90402
622,34.030755,-118.492101,90403
623,34.026608,-118.473643,90404
624,34.011312,-118.469762,90405
625,33.833744,-118.314022,90501
626,33.833181,-118.292062,90502
627,33.840398,-118.353715,90503
628,33.867257,-118.330794,90504
629,33.807882,-118.347957,90505
630,33.884696,-118.329998,90506
631,34.00784,-118.030271,90601
632,33.972782,-118.022066,90602
633,33.945555,-117.990719,90603
634,33.927691,-118.013828,90604
635,33.950295,-118.024351,90605
636,33.977272,-118.066363,90606
637,33.845223,-118.015292,90620
638,33.874224,-117.993368,90621
639,33.850616,-118.039565,90623
640,33.818477,-118.038307,90630
641,33.942708,-117.952483,90631
642,33.902045,-118.008961,90638
643,34.015444,-118.111012,90640
644,33.906956,-118.08264,90650
645,33.989524,-118.089299,90660
646,33.933565,-118.062611,90670
647,33.801187,-117.994904,90680
648,33.8676,-118.080612,90701
649,33.867743,-118.069472,90703
650,33.887821,-118.12725,90706
651,33.799904,-118.298661,90710
652,33.849034,-118.147902,90712
653,33.847989,-118.112601,90713
654,33.841027,-118.079141,90715
655,33.830482,-118.073451,90716
656,33.793809,-118.31717,90717
657,33.795012,-118.062691,90720
658,33.898883,-118.166629,90723
659,33.736346,-118.279183,90731
660,33.74212,-118.312878,90732
661,33.758405,-118.075043,90740
662,33.779285,-118.261724,90744
663,33.822725,-118.264109,90745
664,33.859171,-118.252273,90746
665,33.803431,-118.16977,90755
666,33.745762,-118.208042,90802
667,33.756289,-118.130636,90803
668,33.781686,-118.148365,90804
669,33.864617,-118.180567,90805
670,33.805401,-118.187701,90806
671,33.82774,-118.17482,90807
672,33.823943,-118.111335,90808
673,33.819814,-118.222416,90810
674,33.782259,-118.196793,90813
675,33.771616,-118.143631,90814
676,33.794348,-118.116391,90815
677,33.778436,-118.118648,90822
678,33.768334,-118.201636,90831
679,34.194489,-118.138263,91001
680,34.136258,-118.026704,91006
681,34.128284,-118.047732,91007
682,34.153159,-117.968818,91008
683,34.141586,-117.957627,91010
684,34.222119,-118.205306,91011
685,34.1528,-118.000482,91016
686,34.211344,-118.230655,91020
687,34.168771,-118.050216,91024
688,34.108957,-118.156615,91030
689,34.261962,-118.336078,91040
690,34.322618,-118.23757,91042
691,34.146665,-118.139459,91101
692,34.169538,-118.164941,91103
693,34.165355,-118.123751,91104
694,34.13946,-118.166648,91105
695,34.139402,-118.128659,91106
696,34.155533,-118.086178,91107
697,34.122671,-118.112911,91108
698,34.17051,-118.289463,91201
699,34.168366,-118.267771,91202
700,34.153337,-118.262974,91203
701,34.136193,-118.260934,91204
702,34.13658,-118.245839,91205
703,34.160359,-118.213769,91206
704,34.181293,-118.260278,91207
705,34.185665,-118.239497,91208
706,34.144557,-118.256507,91210
707,34.236302,-118.249185,91214
708,34.123286,-118.758541,91301
709,34.123305,-118.671025,91302
710,34.198292,-118.600914,91303
711,34.224192,-118.632384,91304
712,34.209532,-118.577563,91306
713,34.200834,-118.6649,91307
714,34.293343,-118.603123,91311
715,34.160236,-118.515472,91316
716,34.175961,-118.945108,91320
717,34.36811,-118.489038,91321
718,34.238208,-118.55029,91324
719,34.237519,-118.517712,91325
720,34.281486,-118.556005,91326
721,34.255442,-118.421313,91331
722,34.200175,-118.540958,91335
723,34.286687,-118.43508,91340
724,34.326585,-118.382261,91342
725,34.237912,-118.482306,91343
726,34.294615,-118.507001,91344
727,34.265879,-118.456748,91345
728,34.440891,-118.501747,91350
729,34.441595,-118.448112,91351
730,34.230854,-118.365856,91352
731,34.465755,-118.553789,91354
732,34.440248,-118.643992,91355
733,34.155097,-118.547553,91356
734,34.212716,-118.882102,91360
735,34.136077,-118.888919,91361
736,34.193326,-118.818681,91362
737,34.15404,-118.593153,91364
738,34.17731,-118.615704,91367
739,34.184974,-118.766912,91377
740,34.384696,-118.647244,91381
741,34.506627,-118.699048,91384
742,34.402509,-118.363427,91387
743,34.545587,-118.420095,91390
744,34.178483,-118.431791,91401
745,34.222506,-118.444689,91402
746,34.147149,-118.463365,91403
747,34.199824,-118.447609,91405
748,34.195685,-118.490752,91406
749,34.178522,-118.459234,91411
750,34.148617,-118.433298,91423
751,34.149588,-118.489708,91436
752,34.2044,-118.287527,91501
753,34.176817,-118.309323,91502
754,34.204568,-118.326365,91504
755,34.173885,-118.346937,91505
756,34.171188,-118.323914,91506
757,34.1692,-118.372498,91601
758,34.150818,-118.368159,91602
759,34.140822,-118.392864,91604
760,34.207341,-118.400973,91605
761,34.185767,-118.388323,91606
762,34.165783,-118.399795,91607
763,34.138745,-118.35088,91608
764,34.137564,-117.599945,91701
765,34.280333,-117.866141,91702
766,34.09741,-117.968269,91706
767,33.952903,-117.639325,91708
768,33.963723,-117.738596,91709
769,34.004467,-117.684697,91710
770,34.128066,-117.714773,91711
771,34.097345,-117.906736,91722
772,34.084747,-117.886844,91723
773,34.080444,-117.854734,91724
774,34.10097,-117.57882,91730
775,34.078573,-118.043456,91731
776,34.07342,-118.015344,91732
777,34.046243,-118.053748,91733
778,34.152583,-117.577707,91737
779,34.172754,-117.521243,91739
780,34.119367,-117.855054,91740
781,34.156529,-117.841605,91741
782,34.031415,-117.93647,91744
783,33.999005,-117.972146,91745
784,34.044416,-117.985366,91746
785,33.974883,-117.900676,91748
786,34.18001,-117.773939,91750
787,33.996484,-117.531268,91752
788,34.06214,-118.139562,91754
789,34.050965,-118.114394,91755
790,34.035602,-117.591528,91761
791,34.05941,-117.67401,91762
792,34.072329,-117.698315,91763
793,34.074087,-117.605618,91764
794,33.98627,-117.821282,91765
795,34.042286,-117.756106,91766
796,34.083086,-117.737998,91767
797,34.063516,-117.790379,91768
798,34.065493,-118.084529,91770
799,34.110186,-117.81039,91773
800,34.115273,-118.088266,91775
801,34.090776,-118.095091,91776
802,34.102077,-118.057754,91780
803,34.141146,-117.655583,91784
804,34.105282,-117.662036,91786
805,34.018195,-117.854821,91789
806,34.066964,-117.937007,91790
807,34.061624,-117.892235,91791
808,34.022581,-117.902359,91792
809,34.090728,-118.127527,91801
810,34.074736,-118.145959,91803
811,32.808563,-116.710076,91901
812,32.665762,-117.018657,91902
813,32.67807,-116.306851,91905
814,32.654821,-116.465541,91906
815,32.637868,-117.058031,91910
816,32.608185,-117.054512,91911
817,32.619459,-116.98582,91913
818,32.674004,-116.943933,91914
819,32.623185,-116.949053,91915
820,32.887989,-116.621354,91916
821,32.608865,-116.719661,91917
822,32.573755,-117.120872,91932
823,32.648992,-116.152565,91934
824,32.721919,-116.788204,91935
825,32.759333,-116.997247,91941
826,32.777999,-117.021511,91942
827,32.733168,-117.034176,91945
828,32.670646,-117.094668,91950
829,32.735124,-116.41516,91962
830,32.626231,-116.61002,91963
831,32.726237,-116.994318,91977
832,32.724154,-116.940093,91978
833,32.588866,-116.619172,91980
834,33.285274,-117.197777,92003
835,33.142077,-116.106046,92004
836,33.023249,-117.274923,92007
837,33.147294,-117.322181,92008
838,33.09547,-117.243882,92009
839,33.1585,-117.277163,92010
840,33.107582,-117.292182,92011
841,32.9632,-117.250309,92014
842,32.77987,-116.884422,92019
843,32.795508,-116.969747,92020
844,32.838798,-116.869956,92021
845,33.056022,-117.2599,92024
846,33.102005,-117.080419,92025
847,33.212444,-117.116098,92026
848,33.131156,-116.976997,92027
849,33.390477,-117.209427,92028
850,33.0824,-117.127641,92029
851,33.022474,-116.493688,92036
852,32.856347,-117.250058,92037
853,32.908915,-116.891975,92040
854,33.195534,-117.354538,92054
855,33.201242,-117.296984,92056
856,33.254619,-117.283341,92057
857,33.343438,-117.31725,92058
858,33.376467,-117.066121,92059
859,33.298504,-116.924783,92061
860,32.983606,-117.019035,92064
861,33.053006,-116.850651,92065
862,33.219365,-116.535247,92066
863,33.170775,-117.158676,92069
864,33.14709,-116.717453,92070
865,32.852358,-116.987842,92071
866,32.997248,-117.26058,92075
867,33.117154,-117.180627,92078
868,33.164374,-117.24027,92081
869,33.253548,-117.003366,92082
870,33.19784,-117.248203,92083
871,33.219935,-117.202606,92084
872,33.323221,-116.66593,92086
873,33.015927,-117.243517,92091
874,32.724103,-117.170912,92101
875,32.716222,-117.11705,92102
876,32.749434,-117.150636,92103
877,32.741501,-117.127948,92104
878,32.737832,-117.09267,92105
879,32.710818,-117.237613,92106
880,32.739055,-117.245404,92107
881,32.774046,-117.142454,92108
882,32.786772,-117.234207,92109
883,32.765244,-117.200391,92110
884,32.806476,-117.168879,92111
885,32.696716,-117.117881,92113
886,32.707756,-117.055095,92114
887,32.764998,-117.073641,92115
888,32.764971,-117.123146,92116
889,32.824572,-117.199518,92117
890,32.699235,-117.209642,92118
891,32.817888,-117.031956,92119
892,32.794714,-117.071764,92120
893,32.899592,-117.201203,92121
894,32.861727,-117.171224,92122
895,32.806794,-117.13493,92123
896,32.823766,-117.092378,92124
897,32.908466,-117.141393,92126
898,33.011807,-117.132702,92127
899,32.999819,-117.071808,92128
900,32.96692,-117.126158,92129
901,32.945791,-117.214366,92130
902,32.88607,-117.085981,92131
903,32.679888,-117.04889,92139
904,32.567022,-117.00425,92154
905,32.553021,-117.042453,92173
906,33.710984,-116.204844,92201
907,33.75396,-116.246487,92203
908,33.692217,-116.341248,92210
909,33.765401,-116.334205,92211
910,33.948948,-116.832362,92220
911,33.948308,-116.987993,92223
912,33.736458,-114.687973,92225
913,32.990121,-115.358757,92227
914,33.910412,-116.765723,92230
915,32.687553,-115.541028,92231
916,33.172881,-115.553769,92233
917,33.818256,-116.466743,92234
918,33.686145,-116.172918,92236
919,33.95154,-116.520104,92240
920,33.842584,-116.2929,92241
921,34.163216,-114.319121,92242
922,32.770197,-115.598591,92243
923,32.725583,-115.47268,92249
924,32.777241,-115.127641,92250
925,32.881449,-115.675459,92251
926,34.168333,-116.288431,92252
927,33.641767,-116.273943,92253
928,33.543835,-115.993906,92254
929,34.077059,-116.606626,92256
930,33.294274,-115.296227,92257
931,33.708012,-116.403627,92260
932,33.860925,-116.566176,92262
933,33.708592,-116.497622,92264
934,33.768584,-116.429988,92270
935,33.460512,-116.084589,92274
936,33.82233,-116.364238,92276
937,34.178105,-115.642899,92277
938,34.112955,-114.633391,92280
939,33.983439,-116.690716,92282
940,32.891546,-114.772943,92283
941,34.185894,-116.432416,92284
942,34.340222,-116.540435,92285
943,34.585234,-117.453724,92301
944,34.141671,-116.817981,92305
945,34.571218,-117.133073,92307
946,34.424366,-117.161294,92308
947,35.332155,-116.038586,92309
948,35.26146,-116.690324,92310
949,34.980294,-116.964449,92311
950,34.031011,-117.312929,92313
951,34.261092,-116.809496,92314
952,34.232796,-116.902863,92315
953,34.059306,-117.390768,92316
954,33.990471,-117.052103,92320
955,34.02452,-117.289255,92324
956,34.863585,-116.862059,92327
957,36.597809,-116.827404,92328
958,34.912429,-115.342091,92332
959,34.085971,-117.464597,92335
960,34.147718,-117.464506,92336
961,34.049809,-117.470613,92337
962,34.782699,-116.190564,92338
963,34.093661,-116.936222,92339
964,34.757047,-117.350142,92342
965,34.391145,-117.405722,92344
966,34.376159,-117.294397,92345
967,34.126779,-117.183104,92346
968,34.957406,-117.219606,92347
969,34.051177,-117.248563,92354
970,34.510646,-116.896718,92356
971,34.259272,-117.520971,92358
972,34.083016,-117.073317,92359
973,34.894366,-114.640335,92363
974,35.34042,-115.426224,92364
975,34.899991,-116.654532,92365
976,34.650629,-117.321326,92368
977,34.442625,-117.541815,92371
978,34.447894,-117.623946,92372
979,34.011953,-117.159699,92373
980,34.067146,-117.171885,92374
981,34.111606,-117.377406,92376
982,34.157763,-117.405966,92377
983,34.480247,-117.408184,92392
984,34.556111,-117.353632,92394
985,34.501472,-117.292048,92395
986,34.374009,-117.628429,92397
987,34.032301,-117.010574,92399
988,34.104794,-117.29215,92401
989,34.177083,-117.254763,92404
990,34.144626,-117.301302,92405
991,34.212433,-117.381239,92407
992,34.083458,-117.270016,92408
993,34.107379,-117.297547,92410
994,34.122501,-117.320138,92411
995,33.99504,-117.373184,92501
996,33.882578,-117.442285,92503
997,33.903134,-117.398044,92504
998,33.936193,-117.493881,92505
999,33.934335,-117.367319,92506
1000,33.971006,-117.325181,92507
1001,33.891133,-117.326749,92508
1002,34.003267,-117.442004,92509
1003,33.889184,-117.277729,92518
1004,33.652403,-117.373758,92530
1005,33.692708,-117.303135,92532
1006,33.492391,-116.837956,92536
1007,33.527867,-116.64762,92539
1008,33.6673,-116.963505,92543
1009,33.648169,-116.895308,92544
1010,33.729853,-117.03406,92545
1011,33.758663,-117.109484,92548
1012,33.882739,-117.224878,92551
1013,33.923381,-117.244836,92553
1014,33.889702,-117.113427,92555
1015,33.97216,-117.258409,92557
1016,33.637201,-116.627212,92561
1017,33.547613,-117.34404,92562
1018,33.580016,-117.14736,92563
1019,33.810743,-117.105415,92567
1020,33.787292,-117.320673,92570
1021,33.828395,-117.20766,92571
1022,33.807607,-117.015163,92582
1023,33.795196,-116.932856,92583
1024,33.652675,-117.173568,92584
1025,33.746707,-117.172142,92585
1026,33.708982,-117.198853,92586
1027,33.69402,-117.250341,92587
1028,33.482811,-117.226126,92590
1029,33.535277,-117.104791,92591
1030,33.511228,-117.042396,92592
1031,33.617845,-117.259305,92595
1032,33.665848,-117.04966,92596
1033,33.754048,-117.752273,92602
1034,33.624459,-117.781425,92603
1035,33.690715,-117.789224,92604
1036,33.702062,-117.815424,92606
1037,33.696117,-117.67596,92610
1038,33.65844,-117.826009,92612
1039,33.68021,-117.833355,92614
1040,33.642508,-117.841681,92617
1041,33.666942,-117.732094,92618
1042,33.714788,-117.749132,92620
1043,33.451469,-117.659056,92624
1044,33.601966,-117.864254,92625
1045,33.679591,-117.908531,92626
1046,33.647764,-117.919761,92627
1047,33.47512,-117.705675,92629
1048,33.645736,-117.685503,92630
1049,33.612925,-117.731443,92637
1050,33.66205,-117.968459,92646
1051,33.723228,-118.008692,92647
1052,33.67901,-118.014603,92648
1053,33.72524,-118.051579,92649
1054,33.57093,-117.773043,92651
1055,33.591304,-117.697512,92653
1056,33.74513,-117.984873,92655
1057,33.576212,-117.730368,92656
1058,33.595088,-117.829038,92657
1059,33.634626,-117.874882,92660
1060,33.601984,-117.913001,92661
1061,33.605086,-117.892319,92662
1062,33.623208,-117.933903,92663
1063,33.42411,-117.606775,92672
1064,33.467371,-117.613509,92673
1065,33.50186,-117.608646,92675
1066,33.75249,-117.612415,92676
1067,33.528867,-117.701175,92677
1068,33.606687,-117.604358,92679
1069,33.752469,-117.993932,92683
1070,33.619672,-117.612087,92688
1071,33.611945,-117.665867,92691
1072,33.606496,-117.643112,92692
1073,33.547231,-117.62376,92694
1074,33.74822,-117.858473,92701
1075,33.747155,-117.907326,92703
1076,33.721131,-117.90511,92704
1077,33.765609,-117.790075,92705
1078,33.765301,-117.881976,92706
1079,33.709935,-117.870431,92707
1080,33.710582,-117.951129,92708
1081,33.734008,-117.819164,92780
1082,33.699734,-117.817709,92782
1083,33.844983,-117.952151,92801
1084,33.808265,-117.923654,92802
1085,33.818246,-117.974985,92804
1086,33.830457,-117.905941,92805
1087,33.837961,-117.870495,92806
1088,33.848733,-117.788357,92807
1089,33.856473,-117.740177,92808
1090,33.927561,-117.887086,92821
1091,33.928179,-117.809285,92823
1092,33.879767,-117.89634,92831
1093,33.868649,-117.929055,92832
1094,33.879325,-117.961755,92833
1095,33.901886,-117.916639,92835
1096,33.787165,-117.931889,92840
1097,33.786839,-117.982026,92841
1098,33.763961,-117.931366,92843
1099,33.765461,-117.969461,92844
1100,33.783064,-118.026268,92845
1101,33.925519,-117.551958,92860
1102,33.81763,-117.810046,92861
1103,33.826393,-117.851307,92865
1104,33.784615,-117.844774,92866
1105,33.80098,-117.843772,92867
1106,33.788145,-117.87655,92868
1107,33.80845,-117.791737,92869
1108,33.881158,-117.854783,92870
1109,33.882614,-117.528205,92879
1110,33.925311,-117.607297,92880
1111,33.827409,-117.524128,92881
1112,33.840451,-117.601961,92882
1113,33.748086,-117.468037,92883
1114,33.896324,-117.796561,92886
1115,33.885514,-117.730164,92887
1116,34.058607,-119.92912,93001
1117,34.283668,-119.223196,93003
1118,34.278679,-119.165615,93004
1119,34.227892,-119.079552,93010
1120,34.196026,-118.992531,93012
1121,34.44137,-119.514092,93013
1122,34.404104,-118.897775,93015
1123,34.295652,-118.897875,93021
1124,34.40778,-119.306554,93022
1125,34.530199,-119.310133,93023
1126,34.205247,-119.174092,93030
1127,34.150213,-119.127729,93033
1128,34.181971,-119.224985,93035
1129,34.238785,-119.186492,93036
1130,34.106896,-119.099535,93041
1131,34.402343,-119.094825,93060
1132,34.308729,-118.687223,93063
1133,34.258405,-118.775026,93065
1134,34.297699,-119.014558,93066
1135,34.418979,-119.709166,93101
1136,34.438773,-119.678841,93103
1137,34.533222,-119.791731,93105
1138,34.448024,-119.616984,93108
1139,34.406428,-119.726888,93109
1140,34.446201,-119.762794,93110
1141,34.449185,-119.804782,93111
1142,34.479453,-120.084094,93117
1143,36.313344,-119.708452,93202
1144,35.112617,-118.832292,93203
1145,35.889811,-120.06859,93204
1146,35.518295,-118.430032,93205
1147,35.437302,-119.477735,93206
1148,35.889831,-118.630592,93207
1149,36.216313,-120.424244,93210
1150,36.04215,-119.5277,93212
1151,35.779507,-119.200825,93215
1152,35.873666,-119.281551,93219
1153,36.295014,-119.026031,93221
1154,36.304539,-119.204896,93223
1155,35.228198,-119.569304,93224
1156,34.768503,-119.030293,93225
1157,35.735652,-118.738373,93226
1158,36.29223,-119.622676,93230
1159,36.389827,-119.219896,93235
1160,35.729087,-118.391794,93238
1161,36.04719,-119.990217,93239
1162,35.617546,-118.452285,93240
1163,35.254701,-118.912678,93241
1164,36.442077,-119.727734,93242
1165,34.7727,-118.791975,93243
1166,36.488656,-118.998043,93244
1167,36.29227,-119.829463,93245
1168,36.206269,-119.071075,93247
1169,35.621706,-119.887939,93249
1170,35.665082,-119.197958,93250
1171,35.335636,-119.758248,93251
1172,34.710034,-119.243808,93252
1173,34.966867,-119.810433,93254
1174,35.67733,-118.101417,93255
1175,35.960636,-119.312992,93256
1176,35.988087,-118.860221,93257
1177,35.817247,-118.669124,93260
1178,36.615624,-118.697574,93262
1179,35.492805,-119.286862,93263
1180,36.245404,-118.693313,93265
1181,36.145393,-119.867288,93266
1182,36.15118,-119.049222,93267
1183,35.162394,-119.425115,93268
1184,35.952426,-119.072843,93270
1185,36.469275,-118.800919,93271
1186,36.047414,-119.344304,93272
1187,36.178091,-119.370752,93274
1188,36.301334,-119.372585,93277
1189,35.652242,-119.4464,93280
1190,35.592099,-118.297698,93283
1191,35.71536,-118.507495,93285
1192,36.46271,-119.093242,93286
1193,35.757886,-118.988161,93287
1194,36.391777,-119.372842,93291
1195,36.37559,-119.211689,93292
1196,35.384337,-119.020562,93301
1197,35.339702,-119.023451,93304
1198,35.389749,-118.985186,93305
1199,35.468193,-118.779751,93306
1200,35.24512,-118.9411,93307
1201,35.621087,-118.789677,93308
1202,35.342891,-119.064802,93309
1203,35.192404,-119.175866,93311
1204,35.393478,-119.12046,93312
1205,35.163188,-119.046321,93313
1206,35.393866,-119.244846,93314
1207,35.23575,-120.615973,93401
1208,35.295232,-120.835468,93402
1209,35.296958,-120.733135,93405
1210,35.301198,-120.660939,93410
1211,35.176011,-120.476755,93420
1212,35.463544,-120.692911,93422
1213,35.848621,-120.938911,93426
1214,34.610436,-120.219523,93427
1215,35.585001,-121.041474,93428
1216,35.48497,-120.944419,93430
1217,35.480204,-120.48131,93432
1218,35.120888,-120.619664,93433
1219,34.919894,-120.604969,93434
1220,34.595669,-120.352667,93436
1221,34.737964,-120.543739,93437
1222,35.401934,-120.799362,93442
1223,35.037198,-120.504593,93444
1224,35.044396,-120.620199,93445
1225,35.663144,-120.749698,93446
1226,35.165504,-120.655942,93449
1227,36.085423,-120.818522,93450
1228,35.886767,-120.608661,93451
1229,35.746488,-121.22335,93452
1230,35.303925,-120.256566,93453
1231,34.923012,-120.259463,93454
1232,34.831792,-120.433509,93455
1233,34.959339,-120.490081,93458
1234,34.653533,-120.007153,93460
1235,35.652911,-120.266428,93461
1236,34.624395,-120.137875,93463
1237,35.538803,-120.739858,93465
1238,35.067111,-118.184941,93501
1239,35.16374,-117.886527,93505
1240,34.450906,-118.227614,93510
1241,37.891866,-118.554569,93512
1242,37.131989,-118.15588,93513
1243,37.492115,-118.390408,93514
1244,35.002282,-117.629941,93516
1245,38.240789,-119.455653,93517
1246,35.385111,-118.491168,93518
1247,34.957206,-117.827391,93523
1248,36.823834,-118.281246,93526
1249,36.119622,-118.177123,93527
1250,35.221906,-118.582566,93531
1251,34.689848,-118.533689,93532
1252,34.713333,-118.152788,93534
1253,34.713656,-117.86466,93535
1254,34.74739,-118.369248,93536
1255,34.481108,-117.982006,93543
1256,34.495537,-117.756645,93544
1257,36.556387,-118.054221,93545
1258,37.548799,-118.839817,93546
1259,34.408548,-118.123592,93550
1260,34.604105,-118.239213,93551
1261,34.570867,-118.023744,93552
1262,34.407332,-117.911841,93553
1263,35.606509,-117.683472,93555
1264,34.866894,-118.339832,93560
1265,35.118772,-118.493811,93561
1266,35.746463,-117.386604,93562
1267,34.402521,-117.766065,93563
1268,34.59448,-117.813666,93591
1269,37.393471,-119.741037,93601
1270,37.028835,-119.316654,93602
1271,36.622507,-118.957187,93603
1272,37.344149,-119.422139,93604
1273,36.492478,-120.355526,93608
1274,36.526597,-119.864103,93609
1275,37.098304,-120.281212,93610
1276,36.825297,-119.68019,93611
1277,36.814867,-119.710599,93612
1278,37.209821,-119.749802,93614
1279,36.503323,-119.286328,93615
1280,36.655353,-119.593861,93616
1281,36.521012,-119.389446,93618
1282,36.917573,-119.593481,93619
1283,37.019998,-120.625366,93620
1284,36.789273,-119.140345,93621
1285,36.814503,-120.57524,93622
1286,37.494877,-119.64428,93623
1287,36.624539,-119.671874,93625
1288,37.043286,-119.691306,93626
1289,36.772382,-118.935666,93628
1290,36.72725,-120.123426,93630
1291,36.478239,-119.52137,93631
1292,37.068068,-120.843579,93635
1293,36.984885,-119.873914,93636
1294,36.918079,-120.185933,93637
1295,37.043434,-120.033693,93638
1296,36.672683,-120.446521,93640
1297,36.69718,-119.022995,93641
1298,37.22469,-119.47073,93643
1299,37.377787,-119.632385,93644
1300,37.182359,-119.64145,93645
1301,36.644737,-119.289181,93646
1302,36.60076,-119.175485,93647
1303,36.620634,-119.520731,93648
1304,36.840813,-119.799812,93650
1305,36.999336,-119.518794,93651
1306,36.595012,-119.904577,93652
1307,37.248335,-119.944935,93653
1308,36.658709,-119.401274,93654
1309,36.450225,-119.934478,93656
1310,36.817791,-119.457602,93657
1311,36.585445,-120.173897,93660
1312,36.536573,-119.638651,93662
1313,37.129364,-119.219562,93664
1314,36.95594,-119.335294,93667
1315,36.650275,-120.284085,93668
1316,37.290563,-119.548406,93669
1317,36.724724,-119.192779,93675
1318,36.749661,-119.787685,93701
1319,36.739194,-119.753933,93702
1320,36.76886,-119.762393,93703
1321,36.799054,-119.801608,93704
1322,36.786671,-119.828335,93705
1323,36.652065,-119.906591,93706
1324,36.822344,-119.760248,93710
1325,36.834289,-119.83335,93711
1326,36.862209,-119.760793,93720
1327,36.732891,-119.783739,93721
1328,36.799361,-119.874794,93722
1329,36.793477,-119.956818,93723
1330,36.627211,-119.731888,93725
1331,36.793662,-119.761459,93726
1332,36.75152,-119.680602,93727
1333,36.757294,-119.818488,93728
1334,36.905371,-119.748643,93730
1335,36.636344,-121.623978,93901
1336,36.682351,-121.605904,93905
1337,36.722714,-121.633649,93906
1338,36.769389,-121.667532,93907
1339,36.651745,-121.599444,93908
1340,36.092974,-121.549826,93920
1341,36.448672,-121.849502,93923
1342,36.415603,-121.637651,93924
1343,36.588003,-121.398912,93925
1344,36.52587,-121.396735,93926
1345,36.248796,-121.386631,93927
1346,36.20506,-121.010363,93930
1347,36.686845,-121.786887,93933
1348,36.57469,-121.840854,93940
1349,36.597004,-121.874136,93943
1350,36.621181,-121.925179,93950
1351,36.585219,-121.945282,93953
1352,36.61441,-121.786901,93955
1353,36.389618,-121.343146,93960
1354,37.514352,-122.298896,94002
1355,37.688826,-122.408935,94005
1356,37.57028,-122.365779,94010
1357,37.690884,-122.447441,94014
1358,37.681264,-122.480589,94015
1359,37.469453,-122.411841,94019
1360,37.274612,-122.23242,94020
1361,37.270838,-122.280738,94021
1362,37.357489,-122.144438,94022
1363,37.352229,-122.094396,94024
1364,37.457524,-122.176542,94025
1365,37.453514,-122.204756,94027
1366,37.376827,-122.209796,94028
1367,37.59897,-122.401991,94030
1368,37.526902,-122.512164,94038
1369,37.380569,-122.0853,94040
1370,37.38852,-122.075726,94041
1371,37.414028,-122.070678,94043
1372,37.606627,-122.477211,94044
1373,37.247137,-122.273493,94060
1374,37.461147,-122.236948,94061
1375,37.413691,-122.295343,94062
1376,37.493297,-122.195535,94063
1377,37.533711,-122.251172,94065
1378,37.625086,-122.433593,94066
1379,37.496466,-122.272565,94070
1380,37.331714,-122.341466,94074
1381,37.65549,-122.422075,94080
1382,37.388556,-122.017732,94085
1383,37.371647,-122.023134,94086
1384,37.351529,-122.036959,94087
1385,37.412402,-122.015605,94089
1386,37.779585,-122.419339,94102
1387,37.773152,-122.411164,94103
1388,37.791412,-122.402129,94104
1389,37.789649,-122.393067,94105
1390,37.76046,-122.399724,94107
1391,37.792016,-122.408584,94108
1392,37.795388,-122.422444,94109
1393,37.750022,-122.415201,94110
1394,37.79937,-122.398409,94111
1395,37.720375,-122.44295,94112
1396,37.758059,-122.435408,94114
1397,37.785969,-122.437253,94115
1398,37.745399,-122.486065,94116
1399,37.769436,-122.447662,94117
1400,37.780093,-122.462605,94118
1401,37.776769,-122.494707,94121
1402,37.758799,-122.485127,94122
1403,37.800934,-122.438366,94123
1404,37.728895,-122.382779,94124
1405,37.73622,-122.459338,94127
1406,37.626412,-122.385757,94128
1407,37.79734,-122.464466,94129
1408,37.820657,-122.369647,94130
1409,37.745916,-122.441473,94131
1410,37.722214,-122.484083,94132
1411,37.804532,-122.410852,94133
1412,37.721053,-122.413573,94134
1413,37.768106,-122.386927,94158
1414,37.444131,-122.149917,94301
1415,37.45788,-122.115158,94303
1416,37.374702,-122.181696,94304
1417,37.418256,-122.170871,94305
1418,37.415729,-122.130764,94306
1419,37.576948,-122.316903,94401
1420,37.523602,-122.34492,94402
1421,37.538449,-122.305447,94403
1422,37.555999,-122.267679,94404
1423,37.773793,-122.278115,94501
1424,37.737572,-122.245507,94502
1425,38.18632,-122.263611,94503
1426,37.87168,-121.597066,94505
1427,37.809677,-121.913141,94506
1428,37.85041,-122.021123,94507
1429,38.576618,-122.444388,94508
1430,37.996501,-121.812301,94509
1431,38.098071,-122.13594,94510
1432,38.134852,-121.834156,94512
1433,37.922228,-121.668359,94513
1434,37.826372,-121.622546,94514
1435,38.634822,-122.615051,94515
1436,37.890217,-121.878354,94517
1437,37.950362,-122.022039,94518
1438,37.988451,-122.013001,94519
1439,37.995284,-122.040627,94520
1440,37.956012,-121.956194,94521
1441,37.954131,-122.076139,94523
1442,38.052951,-122.232094,94525
1443,37.814613,-121.990551,94526
1444,37.92156,-122.298337,94530
1445,37.965765,-121.775818,94531
1446,38.280745,-122.00638,94533
1447,38.244839,-122.135861,94534
1448,38.282221,-121.924715,94535
1449,37.570508,-121.98125,94536
1450,37.501368,-121.956753,94538
1451,37.516909,-121.911767,94539
1452,37.673945,-122.084821,94541
1453,37.659888,-122.037158,94542
1454,37.633822,-122.057202,94544
1455,37.605905,-122.126873,94545
1456,37.717276,-122.081958,94546
1457,38.010166,-122.261728,94547
1458,37.897009,-122.114292,94549
1459,37.519983,-121.575595,94550
1460,37.750466,-121.749202,94551
1461,37.722719,-122.021556,94552
1462,37.993892,-122.136441,94553
1463,37.548205,-122.098677,94555
1464,37.840645,-122.114877,94556
1465,38.441977,-122.238331,94558
1466,38.233115,-122.309638,94559
1467,37.504514,-122.032916,94560
1468,37.993936,-121.691139,94561
1469,37.87992,-122.184572,94563
1470,37.994038,-122.282589,94564
1471,38.014576,-121.906255,94565
1472,37.648104,-121.849965,94566
1473,38.706906,-122.393997,94567
1474,37.709931,-121.844377,94568
1475,38.148862,-121.737696,94571
1476,38.032793,-122.252211,94572
1477,38.542448,-122.419923,94574
1478,37.840961,-122.109502,94575
1479,38.549422,-122.476382,94576
1480,37.713275,-122.16735,94577
1481,37.706434,-122.125302,94578
1482,37.686491,-122.157201,94579
1483,37.675731,-122.133017,94580
1484,37.762738,-121.916089,94582
1485,37.75512,-121.972699,94583
1486,38.192498,-121.927529,94585
1487,37.574019,-121.853833,94586
1488,37.603156,-122.018638,94587
1489,37.792682,-121.86059,94588
1490,38.166148,-122.236322,94589
1491,38.103234,-122.249096,94590
1492,38.122869,-122.196863,94591
1493,38.089723,-122.277387,94592
1494,37.871955,-122.069382,94595
1495,37.889098,-122.037553,94596
1496,37.918195,-122.071665,94597
1497,37.899935,-121.999244,94598
1498,38.409878,-122.361511,94599
1499,37.775545,-122.218705,94601
1500,37.804319,-122.207544,94602
1501,37.736536,-122.17944,94603
1502,37.761409,-122.150198,94605
1503,37.791887,-122.245334,94606
1504,37.807215,-122.301497,94607
1505,37.836844,-122.289143,94608
1506,37.836459,-122.263511,94609
1507,37.811406,-122.242458,94610
1508,37.82935,-122.203507,94611
1509,37.808765,-122.269156,94612
1510,37.844672,-122.238105,94618
1511,37.79045,-122.140809,94619
1512,37.748272,-122.216825,94621
1513,37.865777,-122.286321,94702
1514,37.863911,-122.275643,94703
1515,37.866528,-122.258039,94704
1516,37.865177,-122.238217,94705
1517,37.889704,-122.295531,94706
1518,37.898189,-122.27913,94707
1519,37.902944,-122.261795,94708
1520,37.879234,-122.266839,94709
1521,37.863914,-122.306465,94710
1522,37.952844,-122.381974,94801
1523,37.959549,-122.283578,94803
1524,37.916555,-122.341233,94804
1525,37.942798,-122.322923,94805
1526,37.98079,-122.337627,94806
1527,37.902226,-122.317378,94850
1528,37.978138,-122.497611,94901
1529,38.022366,-122.555605,94903
1530,37.945512,-122.56012,94904
1531,37.885629,-122.46858,94920
1532,38.344946,-122.948799,94922
1533,38.339402,-123.034599,94923
1534,37.943087,-122.72379,94924
1535,37.931846,-122.507738,94925
1536,38.34642,-122.694127,94928
1537,37.943962,-122.616418,94930
1538,38.324133,-122.714633,94931
1539,38.11649,-122.930351,94937
1540,37.937082,-122.532369,94939
1541,38.17857,-122.88319,94940
1542,37.897664,-122.563172,94941
1543,38.134068,-122.52719,94945
1544,38.082829,-122.671527,94946
1545,38.112166,-122.634384,94947
1546,38.060475,-122.508496,94949
1547,38.320861,-122.646138,94951
1548,38.234553,-122.760385,94952
1549,38.304383,-122.643818,94954
1550,38.045857,-122.861209,94956
1551,37.995864,-122.577814,94960
1552,37.852904,-122.547207,94965
1553,37.914513,-122.64689,94970
1554,38.287346,-122.968556,94972
1555,37.0067,-121.878207,95003
1556,36.874755,-121.630732,95004
1557,37.098768,-122.091734,95005
1558,37.171267,-122.149524,95006
1559,37.279173,-121.95534,95008
1560,36.976175,-121.95316,95010
1561,36.784482,-121.759054,95012
1562,37.306491,-122.08064,95014
1563,37.114335,-122.237162,95017
1564,37.074092,-122.059371,95018
1565,36.935538,-121.783134,95019
1566,37.018419,-121.554249,95020
1567,36.902045,-121.350783,95023
1568,37.222759,-121.983272,95030
1569,37.216949,-121.926545,95032
1570,37.160846,-121.983966,95033
1571,37.444349,-121.868859,95035
1572,37.174063,-121.598747,95037
1573,36.82815,-121.776583,95039
1574,36.525703,-120.952122,95043
1575,36.825745,-121.518587,95045
1576,37.099308,-121.59924,95046
1577,37.351157,-121.952295,95050
1578,37.348639,-121.984373,95051
1579,37.393491,-121.96467,95054
1580,37.036461,-122.121751,95060
1581,36.970525,-121.987488,95062
1582,36.991107,-122.059022,95064
1583,37.031475,-121.98334,95065
1584,37.067917,-122.013995,95066
1585,37.260499,-122.046165,95070
1586,37.042254,-121.930051,95073
1587,36.779046,-121.142439,95075
1588,36.946256,-121.756479,95076
1589,37.346512,-121.909803,95110
1590,37.283111,-121.826245,95111
1591,37.344482,-121.883535,95112
1592,37.333694,-121.891002,95113
1593,37.350421,-121.852585,95116
1594,37.311181,-121.96187,95117
1595,37.25552,-121.889995,95118
1596,37.230327,-121.785227,95119
1597,37.186141,-121.843555,95120
1598,37.304149,-121.809867,95121
1599,37.328683,-121.835268,95122
1600,37.244238,-121.831604,95123
1601,37.256765,-121.922762,95124
1602,37.295056,-121.89144,95125
1603,37.326791,-121.916745,95126
1604,37.371091,-121.800752,95127
1605,37.315977,-121.936319,95128
1606,37.305742,-122.000927,95129
1607,37.277121,-121.986132,95130
1608,37.387105,-121.897415,95131
1609,37.424565,-121.748597,95132
1610,37.371606,-121.860844,95133
1611,37.426378,-121.950977,95134
1612,37.284529,-121.658321,95135
1613,37.269128,-121.850992,95136
1614,37.246623,-121.733833,95138
1615,37.224914,-121.764075,95139
1616,37.393503,-121.620009,95140
1617,37.335987,-121.777603,95148
1618,37.959736,-121.288287,95202
1619,37.952452,-121.329655,95203
1620,37.973736,-121.319246,95204
1621,37.964578,-121.259841,95205
1622,37.918854,-121.417427,95206
1623,38.002125,-121.324979,95207
1624,38.046863,-121.352802,95209
1625,38.030178,-121.297912,95210
1626,38.049939,-121.23297,95212
1627,37.949411,-121.15705,95215
1628,38.051726,-121.483036,95219
1629,38.200232,-121.235031,95220
1630,38.07211,-120.631346,95222
1631,38.433968,-119.968435,95223
1632,37.90723,-120.688307,95228
1633,38.000494,-120.898152,95230
1634,37.873793,-121.290146,95231
1635,38.355339,-120.594015,95232
1636,38.02973,-121.02389,95236
1637,38.161879,-121.149837,95237
1638,38.114388,-121.144658,95240
1639,38.137068,-121.384546,95242
1640,38.299257,-120.626706,95245
1641,38.227004,-120.514561,95246
1642,38.138539,-120.452903,95247
1643,38.189115,-120.638708,95249
1644,38.078402,-120.443443,95251
1645,38.149816,-120.84667,95252
1646,38.419902,-120.474458,95255
1647,38.379703,-120.448,95257
1648,38.173556,-121.312247,95258
1649,37.321233,-120.654396,95301
1650,37.470288,-120.671083,95303
1651,37.671103,-121.406559,95304
1652,37.36553,-120.160163,95306
1653,37.554269,-120.951523,95307
1654,38.085839,-120.37855,95310
1655,37.71426,-120.081389,95311
1656,37.431392,-121.051294,95313
1657,37.421901,-120.769284,95315
1658,37.553376,-120.714055,95316
1659,37.12738,-120.506433,95317
1660,37.825598,-121.005157,95320
1661,37.864258,-120.004543,95321
1662,37.166199,-121.024432,95322
1663,37.608303,-120.685156,95323
1664,37.394536,-120.890747,95324
1665,37.466072,-120.225948,95325
1666,37.588918,-120.855236,95326
1667,37.861626,-120.480322,95327
1668,37.558453,-120.90988,95328
1669,37.666587,-120.411517,95329
1670,37.808915,-121.312636,95330
1671,37.242236,-120.240449,95333
1672,37.347307,-120.742627,95334
1673,38.124887,-120.093146,95335
1674,37.830267,-121.20102,95336
1675,37.74304,-121.238381,95337
1676,37.508765,-119.982496,95338
1677,37.345785,-120.42415,95340
1678,37.231045,-120.501072,95341
1679,37.583767,-119.976728,95345
1680,38.065528,-120.170699,95346
1681,37.392287,-120.498299,95348
1682,37.671916,-121.007342,95350
1683,37.623601,-120.996324,95351
1684,37.638047,-120.965971,95354
1685,37.672906,-120.946594,95355
1686,37.718023,-121.032714,95356
1687,37.671153,-120.886268,95357
1688,37.612612,-121.108568,95358
1689,37.325955,-121.193383,95360
1690,37.787236,-120.759202,95361
1691,37.452895,-121.229974,95363
1692,38.2247,-119.759979,95364
1693,37.331113,-120.294817,95365
1694,37.762766,-121.125277,95366
1695,37.729282,-120.942905,95367
1696,37.713269,-121.085404,95368
1697,37.531889,-120.437413,95369
1698,37.984549,-120.349264,95370
1699,37.991289,-120.262791,95372
1700,37.316807,-120.855753,95374
1701,37.737191,-121.433384,95376
1702,37.673944,-121.517228,95377
1703,37.939765,-120.188046,95379
1704,37.474396,-120.875917,95380
1705,37.528476,-120.853313,95382
1706,38.11276,-120.225746,95383
1707,37.61074,-121.24733,95385
1708,37.667405,-120.629404,95386
1709,37.41467,-120.586787,95388
1710,37.626489,-119.68128,95389
1711,37.768222,-121.60951,95391
1712,38.449137,-122.793752,95401
1713,38.503684,-122.754057,95403
1714,38.525733,-122.690443,95404
1715,38.437114,-122.665993,95405
1716,38.393301,-122.745048,95407
1717,38.468829,-122.580724,95409
1718,39.199469,-123.702253,95410
1719,38.713421,-123.349777,95412
1720,39.015251,-123.370756,95415
1721,39.68979,-123.610022,95417
1722,39.366146,-123.804985,95420
1723,38.628217,-123.160834,95421
1724,38.973012,-122.623922,95422
1725,39.064446,-122.626701,95423
1726,38.823058,-123.063891,95425
1727,39.244183,-123.563531,95427
1728,39.824803,-123.179609,95428
1729,39.72093,-123.300262,95429
1730,39.108252,-123.645121,95432
1731,38.486817,-122.90562,95436
1732,39.487185,-123.741963,95437
1733,38.493179,-122.777546,95439
1734,38.731694,-122.906768,95441
1735,38.371538,-122.487307,95442
1736,39.054011,-122.751253,95443
1737,38.433216,-122.869001,95444
1738,38.83252,-123.472532,95445
1739,38.527164,-123.007892,95446
1740,38.622985,-122.889122,95448
1741,38.936137,-123.119445,95449
1742,38.501363,-123.170879,95450
1743,38.922131,-122.789559,95451
1744,38.425523,-122.53521,95452
1745,39.045931,-122.941077,95453
1746,39.806096,-123.516147,95454
1747,39.258198,-123.76156,95456
1748,38.882973,-122.53272,95457
1749,39.161278,-122.745312,95458
1750,38.97664,-123.604802,95459
1751,39.305245,-123.748616,95460
1752,38.752774,-122.557196,95461
1753,38.462142,-123.018384,95462
1754,39.186791,-123.558382,95463
1755,39.128363,-122.849302,95464
1756,38.421934,-123.063911,95465
1757,39.081822,-123.504872,95466
1758,38.808264,-122.539952,95467
1759,38.918887,-123.605684,95468
1760,39.390917,-123.052841,95469
1761,39.31403,-123.249924,95470
1762,38.398815,-122.861923,95472
1763,38.249428,-122.466627,95476
1764,39.135023,-123.259338,95482
1765,39.225478,-122.922912,95485
1766,39.683707,-123.741609,95488
1767,39.492842,-123.340973,95490
1768,38.528079,-122.821349,95492
1769,39.184728,-122.969574,95493
1770,38.889651,-123.337821,95494
1771,40.798659,-124.151583,95501
1772,40.738322,-124.107619,95503
1773,40.141835,-123.681929,95511
1774,40.294713,-123.653473,95514
1775,40.959215,-124.051292,95519
1776,40.855694,-124.066898,95521
1777,40.825486,-124.049485,95524
1778,40.92143,-123.815266,95525
1779,40.459048,-123.673177,95526
1780,41.012258,-123.387964,95527
1781,40.496979,-123.930821,95528
1782,41.819578,-124.065667,95531
1783,40.523099,-124.326421,95536
1784,40.578828,-124.136869,95540
1785,40.080405,-123.783948,95542
1786,41.870812,-123.86277,95543
1787,41.093371,-123.673442,95546
1788,40.557483,-124.081215,95547
1789,41.593204,-124.045992,95548
1790,40.666676,-123.908383,95549
1791,40.781218,-123.826383,95550
1792,40.674987,-124.231146,95551
1793,40.202543,-123.228609,95552
1794,40.296384,-123.777138,95554
1795,41.241807,-123.913425,95555
1796,40.298264,-124.243071,95558
1797,40.167716,-123.826093,95560
1798,40.472423,-124.12184,95562
1799,40.79088,-124.204748,95564
1800,40.455186,-124.015198,95565
1801,41.950683,-124.097094,95567
1802,41.452689,-123.464813,95568
1803,40.377299,-123.854169,95569
1804,41.080058,-124.156283,95570
1805,40.914926,-123.668723,95573
1806,39.844682,-123.656929,95585
1807,39.96327,-123.775737,95587
1808,40.055796,-123.969269,95589
1809,40.123177,-123.446279,95595
1810,38.99003,-121.114408,95602
1811,38.915869,-121.080284,95603
1812,38.593521,-121.539867,95605
1813,38.756045,-122.195442,95606
1814,38.830465,-122.126907,95607
1815,38.62415,-121.324911,95608
1816,38.694908,-121.271771,95610
1817,38.384706,-121.578721,95612
1818,38.886238,-120.979699,95614
1819,38.318624,-121.554752,95615
1820,38.554133,-121.798467,95616
1821,38.543211,-121.6815,95618
1822,38.680605,-120.814261,95619
1823,38.412615,-121.756222,95620
1824,38.695705,-121.308299,95621
1825,38.603602,-120.85703,95623
1826,38.427507,-121.314899,95624
1827,38.732982,-121.468033,95626
1828,38.734513,-122.025346,95627
1829,38.652065,-121.25441,95628
1830,38.516472,-120.688508,95629
1831,38.666597,-121.141636,95630
1832,39.053461,-120.795632,95631
1833,38.274451,-121.259201,95632
1834,38.840217,-120.829757,95633
1835,38.936904,-120.772283,95634
1836,38.910748,-120.908621,95635
1837,38.621278,-120.383217,95636
1838,38.834124,-122.236908,95637
1839,38.313448,-121.123886,95638
1840,38.325248,-120.955787,95640
1841,38.140366,-121.589783,95641
1842,38.343033,-120.760921,95642
1843,38.884891,-121.778654,95645
1844,38.922812,-121.312005,95648
1845,38.809174,-121.171375,95650
1846,38.81782,-120.929272,95651
1847,38.662982,-121.401113,95652
1848,38.549228,-121.278598,95655
1849,38.881183,-121.169014,95658
1850,38.84223,-121.572164,95659
1851,38.678545,-121.379969,95660
1852,38.741074,-121.247693,95661
1853,38.689174,-121.218435,95662
1854,38.855808,-121.18232,95663
1855,38.801281,-121.037856,95664
1856,38.40065,-120.648463,95665
1857,38.52386,-120.376629,95666
1858,38.734925,-120.789952,95667
1859,38.833555,-121.498099,95668
1860,38.482619,-120.899472,95669
1861,38.604269,-121.280327,95670
1862,38.722374,-120.978633,95672
1863,38.689241,-121.459014,95673
1864,38.954164,-121.481859,95674
1865,38.791075,-121.234854,95677
1866,38.764021,-121.287501,95678
1867,38.995557,-121.353545,95681
1868,38.612129,-120.964522,95682
1869,38.511992,-121.09626,95683
1870,38.592309,-120.584657,95684
1871,38.434485,-120.761687,95685
1872,38.333133,-121.920151,95687
1873,38.408571,-122.022775,95688
1874,38.478864,-120.611974,95689
1875,38.199579,-121.61825,95690
1876,38.627951,-121.593287,95691
1877,39.043066,-121.409804,95692
1878,38.399281,-121.210116,95693
1879,38.568866,-122.079781,95694
1880,38.687045,-121.857077,95695
1881,38.985882,-120.978665,95703
1882,38.750132,-120.675412,95709
1883,39.111833,-120.877969,95713
1884,38.76661,-120.223932,95720
1885,39.009801,-121.034707,95722
1886,38.80035,-120.503871,95726
1887,38.840282,-120.150225,95735
1888,38.577805,-121.201787,95742
1889,38.747526,-121.180092,95746
1890,38.78207,-121.373155,95747
1891,38.344888,-121.431231,95757
1892,38.427813,-121.444696,95758
1893,38.685087,-121.063769,95762
1894,38.815548,-121.280172,95765
1895,38.698692,-121.699462,95776
1896,38.58323,-121.478101,95811
1897,38.580568,-121.49559,95814
1898,38.605407,-121.447593,95815
1899,38.571576,-121.466465,95816
1900,38.550547,-121.456373,95817
1901,38.554487,-121.497058,95818
1902,38.569828,-121.440067,95819
1903,38.534879,-121.444372,95820
1904,38.625693,-121.384916,95821
1905,38.512787,-121.493618,95822
1906,38.474099,-121.443454,95823
1907,38.517584,-121.440739,95824
1908,38.591897,-121.408467,95825
1909,38.543754,-121.377692,95826
1910,38.55612,-121.32426,95827
1911,38.48879,-121.395838,95828
1912,38.489546,-121.323452,95829
1913,38.490508,-121.284171,95830
1914,38.493966,-121.529188,95831
1915,38.44705,-121.496114,95832
1916,38.619049,-121.517552,95833
1917,38.635212,-121.518608,95834
1918,38.670649,-121.525983,95835
1919,38.693765,-121.598941,95837
1920,38.645724,-121.445254,95838
1921,38.66037,-121.347394,95841
1922,38.68681,-121.349144,95842
1923,38.715463,-121.363422,95843
1924,38.584047,-121.375846,95864
1925,39.223939,-121.49405,95901
1926,39.106099,-121.36818,95903
1927,39.491126,-120.817232,95910
1928,39.016702,-122.062143,95912
1929,39.449004,-121.330521,95914
1930,39.665539,-121.351956,95916
1931,39.409686,-121.756653,95917
1932,39.301229,-121.337929,95918
1933,39.432882,-121.261143,95919
1934,39.449795,-121.936372,95920
1935,39.488286,-121.066851,95922
1936,40.133728,-121.092693,95923
1937,39.484108,-121.192649,95925
1938,39.745628,-121.843834,95926
1939,39.68571,-121.844084,95928
1940,39.546887,-121.176215,95930
1941,39.266469,-121.978604,95932
1942,40.0601,-120.907957,95934
1943,39.379344,-121.192261,95935
1944,39.604713,-121.795288,95938
1945,39.571982,-122.580827,95939
1946,39.516314,-121.250934,95941
1947,40.01945,-121.566635,95942
1948,39.584807,-122.032297,95943
1949,39.196387,-120.972289,95945
1950,39.215586,-121.20324,95946
1951,40.174566,-120.819756,95947
1952,39.339264,-121.770785,95948
1953,39.09923,-121.138848,95949
1954,39.259022,-121.776826,95953
1955,39.884654,-121.586788,95954
1956,39.060921,-121.827155,95957
1957,39.347811,-120.918728,95959
1958,39.403216,-121.034486,95960
1959,39.040304,-121.560484,95961
1960,39.34479,-121.264555,95962
1961,39.736308,-122.259338,95963
1962,39.593945,-121.581363,95965
1963,39.47536,-121.41411,95966
1964,39.435211,-121.551925,95968
1965,39.716846,-121.64618,95969
1966,39.398424,-122.060946,95970
1967,39.940063,-120.891327,95971
1968,39.891624,-121.841982,95973
1969,39.224353,-121.151593,95975
1970,39.176595,-121.291692,95977
1971,39.302035,-122.51116,95979
1972,39.679484,-120.998573,95981
1973,39.172726,-121.805819,95982
1974,40.077884,-120.707289,95983
1975,39.105126,-122.283003,95987
1976,39.491654,-122.26208,95988
1977,38.994127,-121.594574,95991
1978,39.082497,-121.680114,95993
1979,40.601778,-122.454973,96001
1980,40.527834,-122.318749,96002
1981,40.751937,-122.230678,96003
1982,41.135964,-120.840063,96006
1983,40.458029,-122.27783,96007
1984,40.704869,-122.120038,96008
1985,40.91378,-123.307421,96010
1986,40.973657,-121.692399,96013
1987,41.326646,-122.773654,96014
1988,41.487278,-120.912416,96015
1989,40.894269,-121.50702,96016
1990,41.076875,-122.253652,96017
1991,40.676564,-122.380909,96019
1992,40.39792,-121.298384,96020
1993,39.923446,-122.270806,96021
1994,40.336387,-122.448511,96022
1995,41.928894,-121.906809,96023
1996,40.54663,-122.880891,96024
1997,41.209942,-122.307935,96025
1998,41.399483,-123.068855,96027
1999,41.006417,-121.480741,96028
2000,39.94026,-122.4892,96029
2001,41.186066,-123.181796,96031
2002,41.609516,-122.963525,96032
2003,40.781633,-122.584148,96033
2004,41.428284,-122.609441,96034
2005,40.045637,-122.184859,96035
2006,41.6071,-122.545715,96038
2007,41.687905,-123.483269,96039
2008,40.793535,-121.438607,96040
2009,40.525723,-123.193917,96041
2010,41.93095,-122.510081,96044
2011,40.471076,-122.660955,96047
2012,40.829014,-123.022859,96048
2013,41.89888,-122.888552,96050
2014,40.9332,-122.382788,96051
2015,40.738391,-122.821085,96052
2016,40.103236,-122.074735,96055
2017,41.028176,-121.308316,96056
2018,41.268682,-121.93094,96057
2019,41.727044,-121.907369,96058
2020,40.421637,-121.833052,96059
2021,40.338068,-121.479071,96061
2022,40.580119,-122.041403,96062
2023,41.754853,-122.365534,96064
2024,40.87908,-121.893264,96065
2025,41.314337,-122.380798,96067
2026,40.685336,-122.016069,96069
2027,40.663854,-121.46106,96071
2028,40.603066,-122.186657,96073
2029,40.343242,-121.852205,96075
2030,40.391542,-122.937883,96076
2031,40.18189,-122.377104,96080
2032,41.740719,-123.077404,96085
2033,41.92416,-123.260782,96086
2034,40.51087,-121.876112,96088
2035,41.034706,-122.791321,96091
2036,41.456579,-122.469367,96094
2037,40.654093,-121.822848,96096
2038,41.756147,-122.659466,96097
2039,41.452711,-120.53846,96101
2040,39.805581,-120.66596,96103
2041,41.506276,-120.143106,96104
2042,39.753579,-120.054995,96105
2043,38.425282,-119.475743,96107
2044,41.770116,-120.431104,96108
2045,40.019715,-120.099183,96109
2046,41.858844,-120.104998,96112
2047,40.296745,-120.499838,96114
2048,41.70183,-120.134337,96115
2049,40.533462,-120.235356,96117
2050,39.639597,-120.247144,96118
2051,38.743384,-119.867624,96120
2052,40.164393,-120.380042,96121
2053,39.825228,-120.477053,96122
2054,40.728194,-120.39628,96123
2055,39.641871,-120.445264,96124
2056,39.602711,-120.63615,96125
2057,40.358768,-120.408154,96128
2058,39.78927,-120.357278,96129
2059,40.551757,-120.675673,96130
2060,40.914751,-120.402175,96132
2061,38.620964,-119.505184,96133
2062,41.767323,-121.440546,96134
2063,40.345753,-120.081154,96136
2064,40.270731,-121.039461,96137
2065,39.198047,-120.237787,96146
2066,38.869825,-120.008594,96150
2067,39.313089,-120.207783,96161
